{
    "GameObjectToRender": {
        "fileID": 100002,
        "guid": "1f59376716e44e24eaedc500861493c9",
        "type": 3
    },
    "PreviewCamera": {
        "fileID": 2748762258018752351,
        "guid": "f885b6dda2995453ca876362e26f1040",
        "type": 3
    },
    "OrthographicCamera": true,
    "ViewDirection": {
        "x": 0.8147287368774414,
        "y": -0.349968284368515,
        "z": -0.46231940388679507
    },
    "ViewRightDirection": {
        "x": 0.46231940388679507,
        "y": 0.0,
        "z": 0.8147287368774414
    },
    "ViewUpDirection": {
        "x": 0.29723817110061648,
        "y": 0.9366644024848938,
        "z": -0.1852276623249054
    },
    "PanOffset": {
        "x": -0.03999999910593033,
        "y": 0.0
    },
    "ZoomLevel": 0.05999999865889549,
    "RenderWidth": 256,
    "RenderHeight": 256,
    "BackgroundColorOrTextureInfo": {
        "backType": 2,
        "BackgroundColor": {
            "r": 0.0,
            "g": 0.0,
            "b": 0.0,
            "a": 0.0
        },
        "BackgroundTexture": {
            "fileID": 2800000,
            "guid": "40b8175c234e33140afc9363c5711ece",
            "type": 3
        },
        "UseBackgroundAlpha": true
    },
    "AnimationClipInfo": {
        "PositionInClip": 0.0,
        "AnimationClip": {
            "instanceID": 0
        }
    }
}